스마트진단서,,,,NNP,*,F,스마트진단서,*,*,*,*,*
수신자비밀번호,,,,NNP,*,F,수신자비밀번호,*,*,*,*,*
증정,,,,NNP,*,T,증정,*,*,*,*,*
T데이터쿠폰,,,,NNP,*,T,T데이터쿠폰,*,*,*,*,*
band 데이터 3.5G,,,,NNP,*,T,band 데이터 3.5G,*,*,*,*,*
T플랜 시니어 안심4.5G,,,,NNP,*,T,T플랜 시니어 안심4.5G,*,*,*,*,*
원스토리 포인트,,,,NNP,*,F,원스토리 포인트,*,*,*,*,*
화이트데이,,,,NNP,*,F,화이트데이,*,*,*,*,*
길고양이,,,,NNP,*,F,길고양이,*,*,*,*,*
원 단위 조정 금액,,,,NNP,*,T,원 단위 조정 금액,*,*,*,*,*
피겨,,,,NNP,*,F,피겨,*,*,*,*,*
출생률,,,,NNP,*,T,출생률,*,*,*,*,*
ZEM,,,,NNP,*,T,ZEM,*,*,*,*,*
음성통화,,,,NNP,*,F,음성통화,*,*,*,*,*
초등학생,,,,NNP,*,T,초등학생,*,*,*,*,*
할부 청구 금액,,,,NNP,*,T,할부 청구 금액,*,*,*,*,*
택시 기사,,,,NNP,*,F,택시 기사,*,*,*,*,*
사용 기간,,,,NNP,*,T,사용 기간,*,*,*,*,*
부가서비스,,,,NNP,*,F,부가서비스,*,*,*,*,*
신규가입,,,,NNP,*,T,신규가입,*,*,*,*,*
우편 집배원,,,,NNP,*,T,우편 집배원,*,*,*,*,*
T 삼성카드 2 V2,,,,NNP,*,T,T 삼성카드 2 V2,*,*,*,*,*
착신전환일반,,,,NNP,*,T,착신전환일반,*,*,*,*,*
반려동물,,,,NNP,*,T,반려동물,*,*,*,*,*
kbps,,,,NNP,*,T,kbps,*,*,*,*,*
신용대출,,,,NNP,*,T,신용대출,*,*,*,*,*
경품 받다,,,,NNP,*,F,경품 받다,*,*,*,*,*
기기 할부,,,,NNP,*,F,기기 할부,*,*,*,*,*
baro OnePass,,,,NNP,*,T,baro OnePass,*,*,*,*,*
설정,,,,NNP,*,T,설정,*,*,*,*,*
Mbps,,,,NNP,*,T,Mbps,*,*,*,*,*
오른쪽 위에,,,,NNP,*,T,오른쪽 위에,*,*,*,*,*
앱결제,,,,NNP,*,T,앱결제,*,*,*,*,*
조현병,,,,NNP,*,T,조현병,*,*,*,*,*
검색 결과,,,,NNP,*,F,검색 결과,*,*,*,*,*
부가세 포함,,,,NNP,*,T,부가세 포함,*,*,*,*,*
골라받기,,,,NNP,*,F,골라받기,*,*,*,*,*
SK텔레콤이 대신 청구하는 요금,,,,NNP,*,T,SK텔레콤이 대신 청구하는 요금,*,*,*,*,*
Galaxy Book,,,,NNP,*,T,Galaxy Book,*,*,*,*,*
교환 또는 반품,,,,NNP,*,T,교환 또는 반품,*,*,*,*,*
5G언택트 62,,,,NNP,*,T,5G언택트 62,*,*,*,*,*
TMAP플러스 프리미엄,,,,NNP,*,T,TMAP플러스 프리미엄,*,*,*,*,*
T메모링 프리미엄,,,,NNP,*,T,T메모링 프리미엄,*,*,*,*,*
생떼,,,,NNP,*,T,생떼,*,*,*,*,*
와이파이,,,,NNP,*,F,와이파이,*,*,*,*,*
S펜,,,,NNP,*,T,S펜,*,*,*,*,*
최대 충전 가능 금액,,,,NNP,*,T,최대 충전 가능 금액,*,*,*,*,*
사용량에 따라 요금 청구,,,,NNP,*,F,사용량에 따라 요금 청구,*,*,*,*,*
wavve 앤 데이터,,,,NNP,*,F,wavve 앤 데이터,*,*,*,*,*
이번 달에 해당하는 부분,,,,NNP,*,T,이번 달에 해당하는 부분,*,*,*,*,*
통신요금,,,,NNP,*,T,통신요금,*,*,*,*,*
갤럭시 노트,,,,NNP,*,F,갤럭시 노트,*,*,*,*,*
T ARS 자동연결모드,,,,NNP,*,F,T ARS 자동연결모드,*,*,*,*,*
당첨되지 않은 고객님,,,,NNP,*,T,당첨되지 않은 고객님,*,*,*,*,*
더 낮은 금액의 요금제로 변경,,,,NNP,*,T,더 낮은 금액의 요금제로 변경,*,*,*,*,*
해외 제휴 통신망,,,,NNP,*,T,해외 제휴 통신망,*,*,*,*,*
T world Biz,,,,NNP,*,T,T world Biz,*,*,*,*,*
언어 장애인,,,,NNP,*,T,언어 장애인,*,*,*,*,*
실시간 요금,,,,NNP,*,T,실시간 요금,*,*,*,*,*
오큘러스 퀘스트 2,,,,NNP,*,T,오큘러스 퀘스트 2,*,*,*,*,*
기본요금,,,,NNP,*,T,기본요금,*,*,*,*,*
이번 주,,,,NNP,*,F,이번 주,*,*,*,*,*
T플랜 스페셜,,,,NNP,*,T,T플랜 스페셜,*,*,*,*,*
아이폰 12 mini,,,,NNP,*,T,아이폰 12 mini,*,*,*,*,*
대표회선,,,,NNP,*,T,대표회선,*,*,*,*,*
LTE언택트 48,,,,NNP,*,T,LTE언택트 48,*,*,*,*,*
지난 경우,,,,NNP,*,F,지난 경우,*,*,*,*,*
경찰,,,,NNP,*,T,경찰,*,*,*,*,*
TMAP 플러스 베이직,,,,NNP,*,T,TMAP 플러스 베이직,*,*,*,*,*
신규가입 고객님,,,,NNP,*,T,신규가입 고객님,*,*,*,*,*
TMAP 주차,,,,NNP,*,F,TMAP 주차,*,*,*,*,*
00700 프리 20,,,,NNP,*,T,00700 프리 20,*,*,*,*,*
band 데이터 퍼펙트S,,,,NNP,*,T,band 데이터 퍼펙트S,*,*,*,*,*
T청소년안심팩,,,,NNP,*,T,T청소년안심팩,*,*,*,*,*
5GX프라임 요금제,,,,NNP,*,T,5GX프라임 요금제,*,*,*,*,*
남은 양,,,,NNP,*,T,남은 양,*,*,*,*,*
T 이득통장,,,,NNP,*,T,T 이득통장,*,*,*,*,*
착신전환(Voice Only),,,,NNP,*,T,착신전환(Voice Only),*,*,*,*,*
T데이터모아,,,,NNP,*,F,T데이터모아,*,*,*,*,*
0플랜 미디엄,,,,NNP,*,T,0플랜 미디엄,*,*,*,*,*
개통한 적이 없는 휴대폰,,,,NNP,*,T,개통한 적이 없는 휴대폰,*,*,*,*,*
T map,,,,NNP,*,T,T map,*,*,*,*,*
ZEM 꾸러기 폰,,,,NNP,*,T,ZEM 꾸러기 폰,*,*,*,*,*
영상통화,,,,NNP,*,F,영상통화,*,*,*,*,*
분실안심 991,,,,NNP,*,T,분실안심 991,*,*,*,*,*
배스킨라빈스,,,,NNP,*,F,배스킨라빈스,*,*,*,*,*
신규 회원,,,,NNP,*,T,신규 회원,*,*,*,*,*
T월드 앱,,,,NNP,*,T,T월드 앱,*,*,*,*,*
할인요금,,,,NNP,*,T,할인요금,*,*,*,*,*
회선,,,,NNP,*,T,회선,*,*,*,*,*
유아차,,,,NNP,*,F,유아차,*,*,*,*,*
발신금지,,,,NNP,*,F,발신금지,*,*,*,*,*
념겨받는 사람,,,,NNP,*,T,념겨받는 사람,*,*,*,*,*
계좌 이체,,,,NNP,*,T,계좌 이체,*,*,*,*,*
이용 조건,,,,NNP,*,T,이용 조건,*,*,*,*,*
연결 회선,,,,NNP,*,T,연결 회선,*,*,*,*,*
운전사,,,,NNP,*,F,운전사,*,*,*,*,*
할부 시작일,,,,NNP,*,T,할부 시작일,*,*,*,*,*
연결,,,,NNP,*,T,연결,*,*,*,*,*
T플랜 안심4G,,,,NNP,*,T,T플랜 안심4G,*,*,*,*,*
흠집,,,,NNP,*,T,흠집,*,*,*,*,*
모바일 인터넷 전화,,,,NNP,*,F,모바일 인터넷 전화,*,*,*,*,*
band 데이터 퍼펙트,,,,NNP,*,F,band 데이터 퍼펙트,*,*,*,*,*
Ultra,,,,NNP,*,T,Ultra,*,*,*,*,*
무선 충전,,,,NNP,*,T,무선 충전,*,*,*,*,*
스마트콜Pick,,,,NNP,*,T,스마트콜Pick,*,*,*,*,*
바로 가기,,,,NNP,*,F,바로 가기,*,*,*,*,*
더 낮은 금액의 요금제,,,,NNP,*,T,더 낮은 금액의 요금제,*,*,*,*,*
참여 안내,,,,NNP,*,T,참여 안내,*,*,*,*,*
다문화 가정 자녀,,,,NNP,*,F,다문화 가정 자녀,*,*,*,*,*
원스토리,,,,NNP,*,F,원스토리,*,*,*,*,*
콜링플러스,,,,NNP,*,F,콜링플러스,*,*,*,*,*
사용 가능,,,,NNP,*,T,사용 가능,*,*,*,*,*
갤럭시 Z 폴드3 5G,,,,NNP,*,T,갤럭시 Z 폴드3 5G,*,*,*,*,*
스마트기기,,,,NNP,*,F,스마트기기,*,*,*,*,*
요금 납부일,,,,NNP,*,T,요금 납부일,*,*,*,*,*
FLO,,,,NNP,*,T,FLO,*,*,*,*,*
만 원,,,,NNP,*,T,만 원,*,*,*,*,*
전업주부,,,,NNP,*,F,전업주부,*,*,*,*,*
기기 할인 금액,,,,NNP,*,T,기기 할인 금액,*,*,*,*,*
보보VR팩,,,,NNP,*,T,보보VR팩,*,*,*,*,*
교사,,,,NNP,*,F,교사,*,*,*,*,*
스타벅스 카페 아메리카노(Tall),,,,NNP,*,T,스타벅스 카페 아메리카노(Tall),*,*,*,*,*
010 통합 전 번호,,,,NNP,*,F,010 통합 전 번호,*,*,*,*,*
SK 스토아,,,,NNP,*,F,SK 스토아,*,*,*,*,*
wavve 앤 데이터 플러스,,,,NNP,*,F,wavve 앤 데이터 플러스,*,*,*,*,*
중국 동포,,,,NNP,*,F,중국 동포,*,*,*,*,*
할부원금,,,,NNP,*,T,할부원금,*,*,*,*,*
T플랜 세이브,,,,NNP,*,F,T플랜 세이브,*,*,*,*,*
론칭,,,,NNP,*,T,론칭,*,*,*,*,*
할인 금액,,,,NNP,*,T,할인 금액,*,*,*,*,*
할인받은 횟수,,,,NNP,*,F,할인받은 횟수,*,*,*,*,*
기기 없이 유심만으로 회선을 개통,,,,NNP,*,T,기기 없이 유심만으로 회선을 개통,*,*,*,*,*
원스토리 앤 데이터,,,,NNP,*,F,원스토리 앤 데이터,*,*,*,*,*
오후 7시,,,,NNP,*,F,오후 7시,*,*,*,*,*
취소,,,,NNP,*,F,취소,*,*,*,*,*
할인 쿠폰,,,,NNP,*,T,할인 쿠폰,*,*,*,*,*
100여 편,,,,NNP,*,T,100여 편,*,*,*,*,*
첫째 주,,,,NNP,*,F,첫째 주,*,*,*,*,*
개통한 적인 없는 휴대폰,,,,NNP,*,T,개통한 적인 없는 휴대폰,*,*,*,*,*
정보 이용,,,,NNP,*,T,정보 이용,*,*,*,*,*
baro 구독플랜 4GB,,,,NNP,*,T,baro 구독플랜 4GB,*,*,*,*,*
대학생,,,,NNP,*,T,대학생,*,*,*,*,*
가입 채널,,,,NNP,*,T,가입 채널,*,*,*,*,*
통화 중 보류,,,,NNP,*,F,통화 중 보류,*,*,*,*,*
간호사,,,,NNP,*,F,간호사,*,*,*,*,*
0틴플랜 미디엄플러스,,,,NNP,*,F,0틴플랜 미디엄플러스,*,*,*,*,*
캡스홈,,,,NNP,*,T,캡스홈,*,*,*,*,*
단골 고객,,,,NNP,*,T,단골 고객,*,*,*,*,*
어려운 이웃,,,,NNP,*,T,어려운 이웃,*,*,*,*,*
학부모,,,,NNP,*,F,학부모,*,*,*,*,*
셋톱박스,,,,NNP,*,F,셋톱박스,*,*,*,*,*
SK엠앤서비스,,,,NNP,*,F,SK엠앤서비스,*,*,*,*,*
홀몸 어르신,,,,NNP,*,T,홀몸 어르신,*,*,*,*,*
넘겨주는 사람,,,,NNP,*,T,넘겨주는 사람,*,*,*,*,*
정기 결제,,,,NNP,*,T,정기 결제,*,*,*,*,*
한부모,,,,NNP,*,F,한부모,*,*,*,*,*
T플랜 시니어 세이브,,,,NNP,*,F,T플랜 시니어 세이브,*,*,*,*,*
T Factory,,,,NNP,*,T,T Factory,*,*,*,*,*
배우자,,,,NNP,*,F,배우자,*,*,*,*,*
유심 잠금 해제코드,,,,NNP,*,F,유심 잠금 해제코드,*,*,*,*,*
캐시백,,,,NNP,*,T,캐시백,*,*,*,*,*
퍼펙트콜라이트,,,,NNP,*,F,퍼펙트콜라이트,*,*,*,*,*
값,,,,NNP,*,T,값,*,*,*,*,*
다른 회선,,,,NNP,*,T,다른 회선,*,*,*,*,*
드러그 스토어,,,,NNP,*,F,드러그 스토어,*,*,*,*,*
통화 연결이 안 되는 지역,,,,NNP,*,T,통화 연결이 안 되는 지역,*,*,*,*,*
년 생,,,,NNP,*,T,년 생,*,*,*,*,*
VR 게임팩,,,,NNP,*,T,VR 게임팩,*,*,*,*,*
B tv air,,,,NNP,*,T,B tv air,*,*,*,*,*
5GX플랜티넘,,,,NNP,*,T,5GX플랜티넘,*,*,*,*,*
5G ZEM플랜 베스트,,,,NNP,*,F,5G ZEM플랜 베스트,*,*,*,*,*
SK쉴더스 모바일가드,,,,NNP,*,F,SK쉴더스 모바일가드,*,*,*,*,*
넘버플러스,,,,NNP,*,F,넘버플러스,*,*,*,*,*
안심문자,,,,NNP,*,F,안심문자,*,*,*,*,*
개인 맞춤형,,,,NNP,*,T,개인 맞춤형,*,*,*,*,*
애국심,,,,NNP,*,T,애국심,*,*,*,*,*
우주패스 핫픽,,,,NNP,*,T,우주패스 핫픽,*,*,*,*,*
자동 납부,,,,NNP,*,F,자동 납부,*,*,*,*,*
장기가입 고객님,,,,NNP,*,T,장기가입 고객님,*,*,*,*,*
TOP 4,,,,NNP,*,T,TOP 4,*,*,*,*,*
기기 할부 정보,,,,NNP,*,F,기기 할부 정보,*,*,*,*,*
사용한 날만큼 요금 청구,,,,NNP,*,F,사용한 날만큼 요금 청구,*,*,*,*,*
갤럭시 S21,,,,NNP,*,T,갤럭시 S21,*,*,*,*,*
더 높은 금액의 요금제로 변경,,,,NNP,*,T,더 높은 금액의 요금제로 변경,*,*,*,*,*
TOP 5,,,,NNP,*,T,TOP 5,*,*,*,*,*
5GX스탠다드,,,,NNP,*,F,5GX스탠다드,*,*,*,*,*
자세한 내용,,,,NNP,*,T,자세한 내용,*,*,*,*,*
wavve 콘텐츠 플러스,,,,NNP,*,F,wavve 콘텐츠 플러스,*,*,*,*,*
동성애,,,,NNP,*,T,동성애,*,*,*,*,*
band 데이터 6.5G,,,,NNP,*,T,band 데이터 6.5G,*,*,*,*,*
갤럭시 S,,,,NNP,*,T,갤럭시 S,*,*,*,*,*
SK pay point,,,,NNP,*,T,SK pay point,*,*,*,*,*
매장 검색,,,,NNP,*,T,매장 검색,*,*,*,*,*
Jump,,,,NNP,*,T,Jump,*,*,*,*,*
LTE언택트 35,,,,NNP,*,T,LTE언택트 35,*,*,*,*,*
기본으로 설정,,,,NNP,*,T,기본으로 설정,*,*,*,*,*
수고0페,,,,NNP,*,T,수고0페,*,*,*,*,*
2001년생,,,,NNP,*,T,2001년생,*,*,*,*,*
바를거리,,,,NNP,*,F,바를거리,*,*,*,*,*
통화 중 전환,,,,NNP,*,T,통화 중 전환,*,*,*,*,*
Jump AR,,,,NNP,*,T,Jump AR,*,*,*,*,*
받으러 가기,,,,NNP,*,F,받으러 가기,*,*,*,*,*
할인받다,,,,NNP,*,F,할인받다,*,*,*,*,*
T전화,,,,NNP,*,F,T전화,*,*,*,*,*
대리 사장,,,,NNP,*,T,대리 사장,*,*,*,*,*
휴대폰 번호,,,,NNP,*,F,휴대폰 번호,*,*,*,*,*
알버트AI,,,,NNP,*,T,알버트AI,*,*,*,*,*
골라 담기,,,,NNP,*,F,골라 담기,*,*,*,*,*
휴대폰 식별번호,,,,NNP,*,F,휴대폰 식별번호,*,*,*,*,*
구두미화원,,,,NNP,*,T,구두미화원,*,*,*,*,*
이번 달,,,,NNP,*,T,이번 달,*,*,*,*,*
더블 할인,,,,NNP,*,T,더블 할인,*,*,*,*,*
T라이트 삼성카드,,,,NNP,*,F,T라이트 삼성카드,*,*,*,*,*
피켜,,,,NNP,*,F,피켜,*,*,*,*,*
T통화매니저,,,,NNP,*,F,T통화매니저,*,*,*,*,*
아이폰 12,,,,NNP,*,T,아이폰 12,*,*,*,*,*
PASS페이,,,,NNP,*,F,PASS페이,*,*,*,*,*
선물 세트,,,,NNP,*,F,선물 세트,*,*,*,*,*
SKT 고객센터(114),,,,NNP,*,T,SKT 고객센터(114),*,*,*,*,*
LTE망을 이용한 음성통화,,,,NNP,*,F,LTE망을 이용한 음성통화,*,*,*,*,*
우주패스 all,,,,NNP,*,T,우주패스 all,*,*,*,*,*
보조 배터리,,,,NNP,*,F,보조 배터리,*,*,*,*,*
납부,,,,NNP,*,F,납부,*,*,*,*,*
2021,,,,NNP,*,T,2021,*,*,*,*,*
홈 화면,,,,NNP,*,T,홈 화면,*,*,*,*,*
0히어로 할인제도,,,,NNP,*,F,0히어로 할인제도,*,*,*,*,*
ifland,,,,NNP,*,T,ifland,*,*,*,*,*
기프트카드,,,,NNP,*,F,기프트카드,*,*,*,*,*
약정 기간,,,,NNP,*,T,약정 기간,*,*,*,*,*
받은 달,,,,NNP,*,T,받은 달,*,*,*,*,*
LTE언택트 22,,,,NNP,*,T,LTE언택트 22,*,*,*,*,*
위 내용,,,,NNP,*,T,위 내용,*,*,*,*,*
요금수납,,,,NNP,*,T,요금수납,*,*,*,*,*
월정액,,,,NNP,*,T,월정액,*,*,*,*,*
T끼리 데이터 선물,,,,NNP,*,T,T끼리 데이터 선물,*,*,*,*,*
이용 금액,,,,NNP,*,T,이용 금액,*,*,*,*,*
지나지 않았더라도,,,,NNP,*,F,지나지 않았더라도,*,*,*,*,*
해지 채널,,,,NNP,*,T,해지 채널,*,*,*,*,*
할부 수수료,,,,NNP,*,F,할부 수수료,*,*,*,*,*
인증 번호,,,,NNP,*,F,인증 번호,*,*,*,*,*
Xbox 시리즈 X,,,,NNP,*,T,Xbox 시리즈 X,*,*,*,*,*
SK텔레콤㈜가,,,,NNP,*,F,SK텔레콤㈜가,*,*,*,*,*
다른 통신사 고객님과 통화,,,,NNP,*,F,다른 통신사 고객님과 통화,*,*,*,*,*
생활용품,,,,NNP,*,T,생활용품,*,*,*,*,*
다음 주,,,,NNP,*,F,다음 주,*,*,*,*,*
발신번호표시,,,,NNP,*,F,발신번호표시,*,*,*,*,*
약정 조건을 이어받음,,,,NNP,*,T,약정 조건을 이어받음,*,*,*,*,*
TB끼리 온가족무료,,,,NNP,*,F,TB끼리 온가족무료,*,*,*,*,*
오후 4시,,,,NNP,*,F,오후 4시,*,*,*,*,*
오후 2시,,,,NNP,*,F,오후 2시,*,*,*,*,*
입양,,,,NNP,*,T,입양,*,*,*,*,*
SK텔레콤 고객님끼리 통화,,,,NNP,*,F,SK텔레콤 고객님끼리 통화,*,*,*,*,*
TMAP,,,,NNP,*,T,TMAP,*,*,*,*,*
SK텔레콤 고객과 통화,,,,NNP,*,F,SK텔레콤 고객과 통화,*,*,*,*,*
발달 장애인,,,,NNP,*,T,발달 장애인,*,*,*,*,*
키즈폰,,,,NNP,*,T,키즈폰,*,*,*,*,*
5G 스마트워치TAB할인(모),,,,NNP,*,T,5G 스마트워치TAB할인(모),*,*,*,*,*
이동전화를 다시 개통,,,,NNP,*,T,이동전화를 다시 개통,*,*,*,*,*
불법 촬영물,,,,NNP,*,T,불법 촬영물,*,*,*,*,*
유심 정보를 온라인으로 받아 개통,,,,NNP,*,T,유심 정보를 온라인으로 받아 개통,*,*,*,*,*
유효 기간,,,,NNP,*,T,유효 기간,*,*,*,*,*
T ARS 라이트,,,,NNP,*,F,T ARS 라이트,*,*,*,*,*
이용 기간,,,,NNP,*,T,이용 기간,*,*,*,*,*
다음 달,,,,NNP,*,T,다음 달,*,*,*,*,*
개별 안내,,,,NNP,*,T,개별 안내,*,*,*,*,*
SK브로드밴드,,,,NNP,*,F,SK브로드밴드,*,*,*,*,*
부가세,,,,NNP,*,T,부가세,*,*,*,*,*
AIA Vitality,,,,NNP,*,T,AIA Vitality,*,*,*,*,*
원스토리 패스,,,,NNP,*,F,원스토리 패스,*,*,*,*,*
삼총사,,,,NNP,*,F,삼총사,*,*,*,*,*
대표기기,,,,NNP,*,F,대표기기,*,*,*,*,*
한 해 동안,,,,NNP,*,T,한 해 동안,*,*,*,*,*
레터링,,,,NNP,*,T,레터링,*,*,*,*,*
같은 명의,,,,NNP,*,F,같은 명의,*,*,*,*,*
인앱 결제,,,,NNP,*,T,인앱 결제,*,*,*,*,*
통화가능통보,,,,NNP,*,F,통화가능통보,*,*,*,*,*
패밀리타임,,,,NNP,*,T,패밀리타임,*,*,*,*,*
월분,,,,NNP,*,T,월분,*,*,*,*,*
소진 시,,,,NNP,*,F,소진 시,*,*,*,*,*
지정한 SK텔레콤 회선,,,,NNP,*,T,지정한 SK텔레콤 회선,*,*,*,*,*
MB,,,,NNP,*,T,MB,*,*,*,*,*
원스토어,,,,NNP,*,F,원스토어,*,*,*,*,*
동성애자,,,,NNP,*,F,동성애자,*,*,*,*,*
요금 청구,,,,NNP,*,F,요금 청구,*,*,*,*,*
콜키퍼 플러스,,,,NNP,*,F,콜키퍼 플러스,*,*,*,*,*
뇌전증,,,,NNP,*,T,뇌전증,*,*,*,*,*
한 번에 배송,,,,NNP,*,T,한 번에 배송,*,*,*,*,*
효도폰,,,,NNP,*,T,효도폰,*,*,*,*,*
0teen 위크,,,,NNP,*,F,0teen 위크,*,*,*,*,*
UT,,,,NNP,*,T,UT,*,*,*,*,*
band 데이터 1.2G,,,,NNP,*,T,band 데이터 1.2G,*,*,*,*,*
최신 곡,,,,NNP,*,T,최신 곡,*,*,*,*,*
수험생,,,,NNP,*,T,수험생,*,*,*,*,*
baro,,,,NNP,*,T,baro,*,*,*,*,*
콘텐츠,,,,NNP,*,F,콘텐츠,*,*,*,*,*
이중 납부,,,,NNP,*,F,이중 납부,*,*,*,*,*
무료 적용 채널,,,,NNP,*,T,무료 적용 채널,*,*,*,*,*
회원가입,,,,NNP,*,T,회원가입,*,*,*,*,*
Care8 DNA,,,,NNP,*,T,Care8 DNA,*,*,*,*,*
유선 인터넷 전화,,,,NNP,*,F,유선 인터넷 전화,*,*,*,*,*
메시지,,,,NNP,*,F,메시지,*,*,*,*,*
발신번호표시제한,,,,NNP,*,T,발신번호표시제한,*,*,*,*,*
LTE 데이터330,,,,NNP,*,T,LTE 데이터330,*,*,*,*,*
데이터,,,,NNP,*,F,데이터,*,*,*,*,*
배우,,,,NNP,*,F,배우,*,*,*,*,*
LTE 데이터250,,,,NNP,*,T,LTE 데이터250,*,*,*,*,*
0틴플랜 미디엄,,,,NNP,*,T,0틴플랜 미디엄,*,*,*,*,*
TOP 9,,,,NNP,*,T,TOP 9,*,*,*,*,*
마이스마트콜_O,,,,NNP,*,T,마이스마트콜_O,*,*,*,*,*
Disney+,,,,NNP,*,T,Disney+,*,*,*,*,*
고객센터,,,,NNP,*,F,고객센터,*,*,*,*,*
글라스,,,,NNP,*,F,글라스,*,*,*,*,*
오후 8시,,,,NNP,*,F,오후 8시,*,*,*,*,*
0틴플랜 라지,,,,NNP,*,F,0틴플랜 라지,*,*,*,*,*
더 높은 금액의 요금제,,,,NNP,*,T,더 높은 금액의 요금제,*,*,*,*,*
LTEData함께쓰기2.5G,,,,NNP,*,T,LTEData함께쓰기2.5G,*,*,*,*,*
가입 기간,,,,NNP,*,T,가입 기간,*,*,*,*,*
다시 발급,,,,NNP,*,T,다시 발급,*,*,*,*,*
노동자,,,,NNP,*,F,노동자,*,*,*,*,*
Wi-Fi,,,,NNP,*,T,Wi-Fi,*,*,*,*,*
기본 컬러링,,,,NNP,*,T,기본 컬러링,*,*,*,*,*
baro 구독플랜 7GB,,,,NNP,*,T,baro 구독플랜 7GB,*,*,*,*,*
oksusu,,,,NNP,*,T,oksusu,*,*,*,*,*
계산 방법,,,,NNP,*,T,계산 방법,*,*,*,*,*
유선 충전,,,,NNP,*,T,유선 충전,*,*,*,*,*
T갤럭시클럽,,,,NNP,*,T,T갤럭시클럽,*,*,*,*,*
개인정보,,,,NNP,*,F,개인정보,*,*,*,*,*
기기,,,,NNP,*,F,기기,*,*,*,*,*
의사,,,,NNP,*,F,의사,*,*,*,*,*
기존 고객님,,,,NNP,*,T,기존 고객님,*,*,*,*,*
지체장애인,,,,NNP,*,T,지체장애인,*,*,*,*,*
비밀번호통화,,,,NNP,*,F,비밀번호통화,*,*,*,*,*
경비원,,,,NNP,*,T,경비원,*,*,*,*,*
LTE망을 사용한 음성통화,,,,NNP,*,F,LTE망을 사용한 음성통화,*,*,*,*,*
소리샘,,,,NNP,*,T,소리샘,*,*,*,*,*
진행 중,,,,NNP,*,T,진행 중,*,*,*,*,*
TMAP 대중교통,,,,NNP,*,T,TMAP 대중교통,*,*,*,*,*
GB,,,,NNP,*,T,GB,*,*,*,*,*
역술가,,,,NNP,*,F,역술가,*,*,*,*,*
가입기간 총합,,,,NNP,*,T,가입기간 총합,*,*,*,*,*
갤럭시 Z 플립3 5G,,,,NNP,*,T,갤럭시 Z 플립3 5G,*,*,*,*,*
내가고른패키지,,,,NNP,*,F,내가고른패키지,*,*,*,*,*
밸런타인데이 기념,,,,NNP,*,T,밸런타인데이 기념,*,*,*,*,*
배송받다,,,,NNP,*,F,배송받다,*,*,*,*,*
콜키퍼_O,,,,NNP,*,T,콜키퍼_O,*,*,*,*,*
날짜별 계산,,,,NNP,*,T,날짜별 계산,*,*,*,*,*
5GX미디엄,,,,NNP,*,T,5GX미디엄,*,*,*,*,*
T Day,,,,NNP,*,T,T Day,*,*,*,*,*
쿠폰 코드,,,,NNP,*,F,쿠폰 코드,*,*,*,*,*
ZEM플랜 라이트,,,,NNP,*,F,ZEM플랜 라이트,*,*,*,*,*
제휴 통신사망,,,,NNP,*,T,제휴 통신사망,*,*,*,*,*
가족나눔데이터,,,,NNP,*,F,가족나눔데이터,*,*,*,*,*
언택트 플랜,,,,NNP,*,T,언택트 플랜,*,*,*,*,*
신용등급,,,,NNP,*,T,신용등급,*,*,*,*,*
배달원,,,,NNP,*,T,배달원,*,*,*,*,*
택시기사,,,,NNP,*,F,택시기사,*,*,*,*,*
T All케어플러스,,,,NNP,*,F,T All케어플러스,*,*,*,*,*
사용 이력,,,,NNP,*,T,사용 이력,*,*,*,*,*
시각 장애인,,,,NNP,*,T,시각 장애인,*,*,*,*,*
하루 단위로 계산,,,,NNP,*,T,하루 단위로 계산,*,*,*,*,*
넘버플러스Ⅱ,,,,NNP,*,T,넘버플러스Ⅱ,*,*,*,*,*
익명호수신거부,,,,NNP,*,F,익명호수신거부,*,*,*,*,*
말문이 막힌,,,,NNP,*,T,말문이 막힌,*,*,*,*,*
선택약정할인제도,,,,NNP,*,F,선택약정할인제도,*,*,*,*,*
내는 날,,,,NNP,*,T,내는 날,*,*,*,*,*
정상 요금,,,,NNP,*,T,정상 요금,*,*,*,*,*
T기프트,,,,NNP,*,F,T기프트,*,*,*,*,*
연말정산,,,,NNP,*,T,연말정산,*,*,*,*,*
장애인,,,,NNP,*,T,장애인,*,*,*,*,*
배달의민족,,,,NNP,*,T,배달의민족,*,*,*,*,*
LTEData함께쓰기Basic,,,,NNP,*,T,LTEData함께쓰기Basic,*,*,*,*,*
ZEM플랜,,,,NNP,*,T,ZEM플랜,*,*,*,*,*
중도 납부 금액,,,,NNP,*,T,중도 납부 금액,*,*,*,*,*
처녀,,,,NNP,*,F,처녀,*,*,*,*,*
속도로 계속 사용,,,,NNP,*,T,속도로 계속 사용,*,*,*,*,*
첫 작품,,,,NNP,*,T,첫 작품,*,*,*,*,*
파리바게뜨,,,,NNP,*,F,파리바게뜨,*,*,*,*,*
T전화 × NUGU,,,,NNP,*,T,T전화 × NUGU,*,*,*,*,*
오후 1시,,,,NNP,*,F,오후 1시,*,*,*,*,*
개별통화수신거부,,,,NNP,*,F,개별통화수신거부,*,*,*,*,*
맥북 프로,,,,NNP,*,F,맥북 프로,*,*,*,*,*
다릅니다,,,,NNP,*,F,다릅니다,*,*,*,*,*
T월드 매장,,,,NNP,*,T,T월드 매장,*,*,*,*,*
연체료,,,,NNP,*,F,연체료,*,*,*,*,*
제휴처,,,,NNP,*,F,제휴처,*,*,*,*,*
브라이트닝,,,,NNP,*,T,브라이트닝,*,*,*,*,*
총각,,,,NNP,*,T,총각,*,*,*,*,*
라이트할부형 카드,,,,NNP,*,F,라이트할부형 카드,*,*,*,*,*
부가통화,,,,NNP,*,F,부가통화,*,*,*,*,*
계속되는,,,,NNP,*,T,계속되는,*,*,*,*,*
전화번호,,,,NNP,*,F,전화번호,*,*,*,*,*
리모컨,,,,NNP,*,T,리모컨,*,*,*,*,*
기어VR팩,,,,NNP,*,T,기어VR팩,*,*,*,*,*
5GX 플랜,,,,NNP,*,T,5GX 플랜,*,*,*,*,*
알뜰폰,,,,NNP,*,T,알뜰폰,*,*,*,*,*
T아이디,,,,NNP,*,F,T아이디,*,*,*,*,*
T로밍,,,,NNP,*,T,T로밍,*,*,*,*,*
한도가 있는 요금제,,,,NNP,*,T,한도가 있는 요금제,*,*,*,*,*
매달,,,,NNP,*,T,매달,*,*,*,*,*
T멤버십 고객님,,,,NNP,*,T,T멤버십 고객님,*,*,*,*,*
다이렉트플랜,,,,NNP,*,T,다이렉트플랜,*,*,*,*,*
요금안내서,,,,NNP,*,F,요금안내서,*,*,*,*,*
통화가능통보플러스,,,,NNP,*,F,통화가능통보플러스,*,*,*,*,*
월정액이 00원 이상인 요금제,,,,NNP,*,T,월정액이 00원 이상인 요금제,*,*,*,*,*
통화중대기,,,,NNP,*,F,통화중대기,*,*,*,*,*
wavve,,,,NNP,*,T,wavve,*,*,*,*,*
알아보기,,,,NNP,*,F,알아보기,*,*,*,*,*
새 학기맞이,,,,NNP,*,F,새 학기맞이,*,*,*,*,*
실제 느끼는 속도,,,,NNP,*,F,실제 느끼는 속도,*,*,*,*,*
안드로이드 4.4,,,,NNP,*,T,안드로이드 4.4,*,*,*,*,*
척추 장애인,,,,NNP,*,T,척추 장애인,*,*,*,*,*
천 원,,,,NNP,*,T,천 원,*,*,*,*,*
퍼펙트콜플러스,,,,NNP,*,F,퍼펙트콜플러스,*,*,*,*,*
문의 사항,,,,NNP,*,T,문의 사항,*,*,*,*,*
PASS인증서,,,,NNP,*,F,PASS인증서,*,*,*,*,*
다른 이동통신사,,,,NNP,*,F,다른 이동통신사,*,*,*,*,*
적립되지 않음,,,,NNP,*,T,적립되지 않음,*,*,*,*,*
중국 교포,,,,NNP,*,F,중국 교포,*,*,*,*,*
POOQ,,,,NNP,*,T,POOQ,*,*,*,*,*
다음 날,,,,NNP,*,T,다음 날,*,*,*,*,*
가입 시,,,,NNP,*,F,가입 시,*,*,*,*,*
T All케어플러스Ⅱ,,,,NNP,*,T,T All케어플러스Ⅱ,*,*,*,*,*
지난달,,,,NNP,*,T,지난달,*,*,*,*,*
한 달,,,,NNP,*,T,한 달,*,*,*,*,*
LTE안심옵션(퍼펙트무한),,,,NNP,*,T,LTE안심옵션(퍼펙트무한),*,*,*,*,*
손모아 장갑,,,,NNP,*,T,손모아 장갑,*,*,*,*,*
일찍 종료,,,,NNP,*,F,일찍 종료,*,*,*,*,*
비장애인,,,,NNP,*,T,비장애인,*,*,*,*,*
T로밍쿠폰,,,,NNP,*,T,T로밍쿠폰,*,*,*,*,*
부가세 별도,,,,NNP,*,F,부가세 별도,*,*,*,*,*
T world,,,,NNP,*,T,T world,*,*,*,*,*
OK캐쉬백,,,,NNP,*,T,OK캐쉬백,*,*,*,*,*
T플러스포인트,,,,NNP,*,F,T플러스포인트,*,*,*,*,*
T월드,,,,NNP,*,F,T월드,*,*,*,*,*
이용 내역,,,,NNP,*,T,이용 내역,*,*,*,*,*
앱 푸시,,,,NNP,*,F,앱 푸시,*,*,*,*,*
렌털,,,,NNP,*,T,렌털,*,*,*,*,*
가입 기간 총합,,,,NNP,*,T,가입 기간 총합,*,*,*,*,*
다른 이동통신사 고객과 통화,,,,NNP,*,F,다른 이동통신사 고객과 통화,*,*,*,*,*
말도 못하고 가슴이 답답한,,,,NNP,*,T,말도 못하고 가슴이 답답한,*,*,*,*,*
T플랜 안심2.5G,,,,NNP,*,T,T플랜 안심2.5G,*,*,*,*,*
갤럭시 워치4,,,,NNP,*,T,갤럭시 워치4,*,*,*,*,*
0플랜 라지,,,,NNP,*,F,0플랜 라지,*,*,*,*,*
내가고른’보안’패키지,,,,NNP,*,F,내가고른’보안’패키지,*,*,*,*,*
T가족모아데이터,,,,NNP,*,F,T가족모아데이터,*,*,*,*,*
방문,,,,NNP,*,T,방문,*,*,*,*,*
화가,,,,NNP,*,F,화가,*,*,*,*,*
월급 생활자,,,,NNP,*,F,월급 생활자,*,*,*,*,*
오후 9시,,,,NNP,*,F,오후 9시,*,*,*,*,*
지체 장애인,,,,NNP,*,T,지체 장애인,*,*,*,*,*
신호가 약함,,,,NNP,*,T,신호가 약함,*,*,*,*,*
안내,,,,NNP,*,T,안내,*,*,*,*,*
구매 시,,,,NNP,*,F,구매 시,*,*,*,*,*
할부 이자,,,,NNP,*,F,할부 이자,*,*,*,*,*
등급 변경일,,,,NNP,*,T,등급 변경일,*,*,*,*,*
데이터로밍무조건허용,,,,NNP,*,T,데이터로밍무조건허용,*,*,*,*,*
TOP 7,,,,NNP,*,T,TOP 7,*,*,*,*,*
매장 위치 보기,,,,NNP,*,F,매장 위치 보기,*,*,*,*,*
5G ZEM플랜 퍼펙트,,,,NNP,*,F,5G ZEM플랜 퍼펙트,*,*,*,*,*
강아지 입양,,,,NNP,*,T,강아지 입양,*,*,*,*,*
0플랜 스몰,,,,NNP,*,T,0플랜 스몰,*,*,*,*,*
T월드 홈페이지,,,,NNP,*,F,T월드 홈페이지,*,*,*,*,*
출시,,,,NNP,*,F,출시,*,*,*,*,*
T건강습관 앱,,,,NNP,*,T,T건강습관 앱,*,*,*,*,*
band 데이터 2.2G,,,,NNP,*,T,band 데이터 2.2G,*,*,*,*,*
이미 가입,,,,NNP,*,T,이미 가입,*,*,*,*,*
오후 11시,,,,NNP,*,F,오후 11시,*,*,*,*,*
PASS 앱,,,,NNP,*,T,PASS 앱,*,*,*,*,*
T플랜 시니어 안심2.8G,,,,NNP,*,T,T플랜 시니어 안심2.8G,*,*,*,*,*
13 통합 전 번호,,,,NNP,*,F,13 통합 전 번호,*,*,*,*,*
추천드립니다,,,,NNP,*,F,추천드립니다,*,*,*,*,*
캐시,,,,NNP,*,F,캐시,*,*,*,*,*
계좌 번호,,,,NNP,*,F,계좌 번호,*,*,*,*,*
인터넷 재설치,,,,NNP,*,F,인터넷 재설치,*,*,*,*,*
외국인 선수,,,,NNP,*,F,외국인 선수,*,*,*,*,*
baro Box,,,,NNP,*,T,baro Box,*,*,*,*,*
상인,,,,NNP,*,T,상인,*,*,*,*,*
데이터로밍무조건차단,,,,NNP,*,T,데이터로밍무조건차단,*,*,*,*,*
쿠키즈워치,,,,NNP,*,F,쿠키즈워치,*,*,*,*,*
안내드립니다,,,,NNP,*,F,안내드립니다,*,*,*,*,*
요금(부가세 제외)은,,,,NNP,*,T,요금(부가세 제외)은,*,*,*,*,*
오피스365 비즈니스팩,,,,NNP,*,T,오피스365 비즈니스팩,*,*,*,*,*
wavve 콘텐츠 팩,,,,NNP,*,T,wavve 콘텐츠 팩,*,*,*,*,*
설문 조사,,,,NNP,*,F,설문 조사,*,*,*,*,*
개통된 유심이 휴대폰과 분리된 상태,,,,NNP,*,T,개통된 유심이 휴대폰과 분리된 상태,*,*,*,*,*
수험표 지참,,,,NNP,*,T,수험표 지참,*,*,*,*,*
T청소년유해차단,,,,NNP,*,T,T청소년유해차단,*,*,*,*,*
EBS 데이터팩(청소년),,,,NNP,*,T,EBS 데이터팩(청소년),*,*,*,*,*
T map 주차,,,,NNP,*,F,T map 주차,*,*,*,*,*
추천해 드립니다,,,,NNP,*,F,추천해 드립니다,*,*,*,*,*
5GX 레귤러,,,,NNP,*,F,5GX 레귤러,*,*,*,*,*
0캠퍼스,,,,NNP,*,F,0캠퍼스,*,*,*,*,*
0틴플랜 스몰,,,,NNP,*,T,0틴플랜 스몰,*,*,*,*,*
약정 없이,,,,NNP,*,F,약정 없이,*,*,*,*,*
wavve Lite,,,,NNP,*,T,wavve Lite,*,*,*,*,*
갤럭시 노트 20,,,,NNP,*,T,갤럭시 노트 20,*,*,*,*,*
무료 변경,,,,NNP,*,T,무료 변경,*,*,*,*,*
AS,,,,NNP,*,T,AS,*,*,*,*,*
장기가입 할인,,,,NNP,*,T,장기가입 할인,*,*,*,*,*
T건강걷기 X AIA Vitality,,,,NNP,*,T,T건강걷기 X AIA Vitality,*,*,*,*,*
매장 방문 납부,,,,NNP,*,F,매장 방문 납부,*,*,*,*,*
피규어,,,,NNP,*,F,피규어,*,*,*,*,*
아저씨,,,,NNP,*,F,아저씨,*,*,*,*,*
T플랜 시니어 스페셜,,,,NNP,*,T,T플랜 시니어 스페셜,*,*,*,*,*
스팸ARS차단플러스,,,,NNP,*,F,스팸ARS차단플러스,*,*,*,*,*
수험표 제시,,,,NNP,*,F,수험표 제시,*,*,*,*,*
T메모링,,,,NNP,*,T,T메모링,*,*,*,*,*
혜택받기,,,,NNP,*,F,혜택받기,*,*,*,*,*
약정 기간이 끝나기 전에,,,,NNP,*,T,약정 기간이 끝나기 전에,*,*,*,*,*
휴대폰 기기변경,,,,NNP,*,T,휴대폰 기기변경,*,*,*,*,*
오후 10시,,,,NNP,*,F,오후 10시,*,*,*,*,*
이용요금,,,,NNP,*,T,이용요금,*,*,*,*,*
V 비즈링,,,,NNP,*,T,V 비즈링,*,*,*,*,*
온가족플랜,,,,NNP,*,T,온가족플랜,*,*,*,*,*
전화 상담,,,,NNP,*,T,전화 상담,*,*,*,*,*
청각 장애인,,,,NNP,*,T,청각 장애인,*,*,*,*,*
첫 출전,,,,NNP,*,T,첫 출전,*,*,*,*,*
Syrup 테이블,,,,NNP,*,T,Syrup 테이블,*,*,*,*,*
TMAP 데이터요금제,,,,NNP,*,T,TMAP 데이터요금제,*,*,*,*,*
공유기,,,,NNP,*,F,공유기,*,*,*,*,*
새해맞이,,,,NNP,*,F,새해맞이,*,*,*,*,*
마이스마트콜,,,,NNP,*,T,마이스마트콜,*,*,*,*,*
주요 업무,,,,NNP,*,F,주요 업무,*,*,*,*,*
NUGU,,,,NNP,*,T,NUGU,*,*,*,*,*
다른,,,,NNP,*,T,다른,*,*,*,*,*
청구금액,,,,NNP,*,T,청구금액,*,*,*,*,*
등급 변경,,,,NNP,*,T,등급 변경,*,*,*,*,*
번호이동,,,,NNP,*,T,번호이동,*,*,*,*,*
한가족할인,,,,NNP,*,T,한가족할인,*,*,*,*,*
갤럭시북,,,,NNP,*,T,갤럭시북,*,*,*,*,*
쓰지 않음,,,,NNP,*,T,쓰지 않음,*,*,*,*,*
AI 컨택센터,,,,NNP,*,F,AI 컨택센터,*,*,*,*,*
선임,,,,NNP,*,T,선임,*,*,*,*,*
서비스 이용 가능 지역,,,,NNP,*,T,서비스 이용 가능 지역,*,*,*,*,*
LTE 안심옵션,,,,NNP,*,T,LTE 안심옵션,*,*,*,*,*
육아 돌보미,,,,NNP,*,F,육아 돌보미,*,*,*,*,*
약정 가입 상태,,,,NNP,*,T,약정 가입 상태,*,*,*,*,*
단계,,,,NNP,*,F,단계,*,*,*,*,*
해 주세요,,,,NNP,*,F,해 주세요,*,*,*,*,*
기기 할부 상세 내역,,,,NNP,*,T,기기 할부 상세 내역,*,*,*,*,*
T다이렉트샵,,,,NNP,*,T,T다이렉트샵,*,*,*,*,*
모두 사용,,,,NNP,*,T,모두 사용,*,*,*,*,*
지속적으로 전달되지 않으면 전환됨,,,,NNP,*,T,지속적으로 전달되지 않으면 전환됨,*,*,*,*,*
오후 3시,,,,NNP,*,F,오후 3시,*,*,*,*,*
지난달까지 할인 받은 요금,,,,NNP,*,T,지난달까지 할인 받은 요금,*,*,*,*,*
고양이 입양,,,,NNP,*,T,고양이 입양,*,*,*,*,*
네이처컬렉션 공식몰,,,,NNP,*,T,네이처컬렉션 공식몰,*,*,*,*,*
무료 체험,,,,NNP,*,T,무료 체험,*,*,*,*,*
무료 수신거부,,,,NNP,*,F,무료 수신거부,*,*,*,*,*
서울특별시,,,,NNP,*,F,서울특별시,*,*,*,*,*
Apple TV,,,,NNP,*,T,Apple TV,*,*,*,*,*
이용 중,,,,NNP,*,T,이용 중,*,*,*,*,*
할부 기간,,,,NNP,*,T,할부 기간,*,*,*,*,*
미용사,,,,NNP,*,F,미용사,*,*,*,*,*
클라우드베리,,,,NNP,*,F,클라우드베리,*,*,*,*,*
안내 사항,,,,NNP,*,T,안내 사항,*,*,*,*,*
포털,,,,NNP,*,T,포털,*,*,*,*,*
제휴되지 않은 해외 통신망,,,,NNP,*,T,제휴되지 않은 해외 통신망,*,*,*,*,*
선불폰,,,,NNP,*,T,선불폰,*,*,*,*,*
상세 내역,,,,NNP,*,T,상세 내역,*,*,*,*,*
AR글라스,,,,NNP,*,F,AR글라스,*,*,*,*,*
만 18세,,,,NNP,*,T,만 18세,*,*,*,*,*
경위서,,,,NNP,*,F,경위서,*,*,*,*,*
반려견,,,,NNP,*,T,반려견,*,*,*,*,*
SK pay,,,,NNP,*,T,SK pay,*,*,*,*,*
차감됩니다,,,,NNP,*,F,차감됩니다,*,*,*,*,*
기기변경,,,,NNP,*,T,기기변경,*,*,*,*,*
북패스,,,,NNP,*,F,북패스,*,*,*,*,*
5G 휴대폰,,,,NNP,*,T,5G 휴대폰,*,*,*,*,*
리필 쿠폰,,,,NNP,*,T,리필 쿠폰,*,*,*,*,*
데이터 사용요금,,,,NNP,*,T,데이터 사용요금,*,*,*,*,*
11 통합 전 번호,,,,NNP,*,F,11 통합 전 번호,*,*,*,*,*
웅진스마트올,,,,NNP,*,T,웅진스마트올,*,*,*,*,*
건설노동자,,,,NNP,*,F,건설노동자,*,*,*,*,*
게임패스 얼티밋,,,,NNP,*,T,게임패스 얼티밋,*,*,*,*,*
B tv,,,,NNP,*,T,B tv,*,*,*,*,*
중학생,,,,NNP,*,T,중학생,*,*,*,*,*
스마트 기기,,,,NNP,*,F,스마트 기기,*,*,*,*,*
오른쪽 아래에,,,,NNP,*,T,오른쪽 아래에,*,*,*,*,*
요금납부,,,,NNP,*,F,요금납부,*,*,*,*,*
보여 주세요,,,,NNP,*,F,보여 주세요,*,*,*,*,*
우편집배원,,,,NNP,*,T,우편집배원,*,*,*,*,*
학생,,,,NNP,*,T,학생,*,*,*,*,*
T플랜 시니어 에센스,,,,NNP,*,F,T플랜 시니어 에센스,*,*,*,*,*
T All케어,,,,NNP,*,F,T All케어,*,*,*,*,*
받아 보세요,,,,NNP,*,F,받아 보세요,*,*,*,*,*
받는 번호,,,,NNP,*,F,받는 번호,*,*,*,*,*
QR코드,,,,NNP,*,F,QR코드,*,*,*,*,*
해당,,,,NNP,*,T,해당,*,*,*,*,*
T플랜 에센스,,,,NNP,*,F,T플랜 에센스,*,*,*,*,*
TOP 2,,,,NNP,*,T,TOP 2,*,*,*,*,*
환경미화원,,,,NNP,*,T,환경미화원,*,*,*,*,*
한 달을 포함해 2개월,,,,NNP,*,T,한 달을 포함해 2개월,*,*,*,*,*
T map 택시,,,,NNP,*,F,T map 택시,*,*,*,*,*
00700 프리 5,,,,NNP,*,T,00700 프리 5,*,*,*,*,*
분실안심 992,,,,NNP,*,T,분실안심 992,*,*,*,*,*
캡스홈 도어가드,,,,NNP,*,F,캡스홈 도어가드,*,*,*,*,*
요즘가족결합,,,,NNP,*,T,요즘가족결합,*,*,*,*,*
TOP 6,,,,NNP,*,T,TOP 6,*,*,*,*,*
콘셉트,,,,NNP,*,F,콘셉트,*,*,*,*,*
5G언택트 52,,,,NNP,*,T,5G언택트 52,*,*,*,*,*
구글 플레이,,,,NNP,*,F,구글 플레이,*,*,*,*,*
국제전화발신금지,,,,NNP,*,F,국제전화발신금지,*,*,*,*,*
수신번호,,,,NNP,*,F,수신번호,*,*,*,*,*
자세한 혜택,,,,NNP,*,T,자세한 혜택,*,*,*,*,*
건설 노동자,,,,NNP,*,F,건설 노동자,*,*,*,*,*
휴대폰,,,,NNP,*,T,휴대폰,*,*,*,*,*
해 보세요,,,,NNP,*,F,해 보세요,*,*,*,*,*
SK스토아,,,,NNP,*,F,SK스토아,*,*,*,*,*
T ARS,,,,NNP,*,T,T ARS,*,*,*,*,*
다운로드하기,,,,NNP,*,F,다운로드하기,*,*,*,*,*
추가회선,,,,NNP,*,T,추가회선,*,*,*,*,*
T멤버십,,,,NNP,*,T,T멤버십,*,*,*,*,*
본인인증,,,,NNP,*,T,본인인증,*,*,*,*,*
상사,,,,NNP,*,F,상사,*,*,*,*,*
자동연결(유료),,,,NNP,*,T,자동연결(유료),*,*,*,*,*
ZEM 앱,,,,NNP,*,T,ZEM 앱,*,*,*,*,*
TB끼리 온가족프리,,,,NNP,*,F,TB끼리 온가족프리,*,*,*,*,*
매장,,,,NNP,*,T,매장,*,*,*,*,*
유의 사항,,,,NNP,*,T,유의 사항,*,*,*,*,*
우주패스 mini,,,,NNP,*,T,우주패스 mini,*,*,*,*,*
ZEM플랜 스마트,,,,NNP,*,F,ZEM플랜 스마트,*,*,*,*,*
마이스마트콜Ⅱ,,,,NNP,*,T,마이스마트콜Ⅱ,*,*,*,*,*
이동전화 식별번호,,,,NNP,*,F,이동전화 식별번호,*,*,*,*,*
T다이렉트샵 전용 5G 요금제,,,,NNP,*,T,T다이렉트샵 전용 5G 요금제,*,*,*,*,*
T Tab 9,,,,NNP,*,T,T Tab 9,*,*,*,*,*
T플랜 맥스,,,,NNP,*,F,T플랜 맥스,*,*,*,*,*
쿠폰 번호,,,,NNP,*,F,쿠폰 번호,*,*,*,*,*
남은,,,,NNP,*,T,남은,*,*,*,*,*
할인반환금,,,,NNP,*,T,할인반환금,*,*,*,*,*
분실안심 990,,,,NNP,*,T,분실안심 990,*,*,*,*,*
사전예약,,,,NNP,*,T,사전예약,*,*,*,*,*
문자 안내,,,,NNP,*,T,문자 안내,*,*,*,*,*
5GX 클라우드 게임,,,,NNP,*,T,5GX 클라우드 게임,*,*,*,*,*
A.,,,0,NNP,*,T,A.,*,*,*,*,*
새로 고침,,,,NNP,*,T,새로 고침,*,*,*,*,*
월급생활자,,,,NNP,*,F,월급생활자,*,*,*,*,*
이용 중인 요금제,,,,NNP,*,T,이용 중인 요금제,*,*,*,*,*
보유 기간,,,,NNP,*,T,보유 기간,*,*,*,*,*
더 낸 금액을 빼고 나머지 요금만 청구,,,,NNP,*,F,더 낸 금액을 빼고 나머지 요금만 청구,*,*,*,*,*
고등학생,,,,NNP,*,T,고등학생,*,*,*,*,*
HD Voice(데이터를 사용한 고음질 음성통화),,,,NNP,*,T,HD Voice(데이터를 사용한 고음질 음성통화),*,*,*,*,*
인기 상품,,,,NNP,*,T,인기 상품,*,*,*,*,*
T멤버십 VIP 등급,,,,NNP,*,T,T멤버십 VIP 등급,*,*,*,*,*
컬래버레이션,,,,NNP,*,T,컬래버레이션,*,*,*,*,*
공시지원금,,,,NNP,*,T,공시지원금,*,*,*,*,*
명세,,,,NNP,*,T,명세,*,*,*,*,*
할인 혜택,,,,NNP,*,T,할인 혜택,*,*,*,*,*
00700 프리 10,,,,NNP,*,T,00700 프리 10,*,*,*,*,*
스마트 TV,,,,NNP,*,T,스마트 TV,*,*,*,*,*
한 날을 포함해  15일 이후,,,,NNP,*,F,한 날을 포함해  15일 이후,*,*,*,*,*
12 통합 전 번호,,,,NNP,*,F,12 통합 전 번호,*,*,*,*,*
요금 할인,,,,NNP,*,T,요금 할인,*,*,*,*,*
혼후관계주의,,,,NNP,*,F,혼후관계주의,*,*,*,*,*
만나 보세요,,,,NNP,*,F,만나 보세요,*,*,*,*,*
가사 도우미,,,,NNP,*,F,가사 도우미,*,*,*,*,*
TOP 10,,,,NNP,*,T,TOP 10,*,*,*,*,*
T deal,,,,NNP,*,T,T deal,*,*,*,*,*
요금할인형 카드,,,,NNP,*,F,요금할인형 카드,*,*,*,*,*
이동통신 3사,,,,NNP,*,F,이동통신 3사,*,*,*,*,*
택1,,,,NNP,*,T,택1,*,*,*,*,*
청각/언어장애인,,,,NNP,*,T,청각/언어장애인,*,*,*,*,*
T맵,,,,NNP,*,T,T맵,*,*,*,*,*
NUGU 안심,,,,NNP,*,T,NUGU 안심,*,*,*,*,*
액세서리,,,,NNP,*,F,액세서리,*,*,*,*,*
기프티콘,,,,NNP,*,T,기프티콘,*,*,*,*,*
부스크 파크,,,,NNP,*,F,부스크 파크,*,*,*,*,*
증정일,,,,NNP,*,T,증정일,*,*,*,*,*
콜키퍼,,,,NNP,*,F,콜키퍼,*,*,*,*,*
이용 약관,,,,NNP,*,T,이용 약관,*,*,*,*,*
00700 프리 15,,,,NNP,*,T,00700 프리 15,*,*,*,*,*
만 19세 미만,,,,NNP,*,T,만 19세 미만,*,*,*,*,*
이동통신사,,,,NNP,*,F,이동통신사,*,*,*,*,*
PASS,,,,NNP,*,T,PASS,*,*,*,*,*
품목,,,,NNP,*,T,품목,*,*,*,*,*
MD,,,,NNP,*,T,MD,*,*,*,*,*
3G Data함께쓰기Basic,,,,NNP,*,T,3G Data함께쓰기Basic,*,*,*,*,*
캡스홈 이너가드,,,,NNP,*,F,캡스홈 이너가드,*,*,*,*,*
ZEM플랜 베스트,,,,NNP,*,F,ZEM플랜 베스트,*,*,*,*,*
Tworld 프렌즈,,,,NNP,*,F,Tworld 프렌즈,*,*,*,*,*
baro 통화,,,,NNP,*,F,baro 통화,*,*,*,*,*
구매 금액,,,,NNP,*,T,구매 금액,*,*,*,*,*
대표 회선,,,,NNP,*,T,대표 회선,*,*,*,*,*
TOP 3,,,,NNP,*,T,TOP 3,*,*,*,*,*
0틴 5G,,,,NNP,*,T,0틴 5G,*,*,*,*,*
오후 5시,,,,NNP,*,F,오후 5시,*,*,*,*,*
개월 동안,,,,NNP,*,T,개월 동안,*,*,*,*,*
VR 앱,,,,NNP,*,T,VR 앱,*,*,*,*,*
현지 통신망,,,,NNP,*,T,현지 통신망,*,*,*,*,*
NUGU 셀럽,,,,NNP,*,T,NUGU 셀럽,*,*,*,*,*
T건강걷기,,,,NNP,*,F,T건강걷기,*,*,*,*,*
살구색,,,,NNP,*,T,살구색,*,*,*,*,*
선택약정,,,,NNP,*,T,선택약정,*,*,*,*,*
안내 전화,,,,NNP,*,F,안내 전화,*,*,*,*,*
군인,,,,NNP,*,T,군인,*,*,*,*,*
T우주,,,,NNP,*,F,T우주,*,*,*,*,*
식료품 매장,,,,NNP,*,T,식료품 매장,*,*,*,*,*
SKT 스마트홈,,,,NNP,*,T,SKT 스마트홈,*,*,*,*,*
미등록 외국인,,,,NNP,*,T,미등록 외국인,*,*,*,*,*
통화를 중간에서 연결,,,,NNP,*,T,통화를 중간에서 연결,*,*,*,*,*
전 국민,,,,NNP,*,T,전 국민,*,*,*,*,*
제휴 카드,,,,NNP,*,F,제휴 카드,*,*,*,*,*
V 컬러링,,,,NNP,*,T,V 컬러링,*,*,*,*,*
오후 6시,,,,NNP,*,F,오후 6시,*,*,*,*,*
분실파손보험,,,,NNP,*,T,분실파손보험,*,*,*,*,*
착신금지,,,,NNP,*,F,착신금지,*,*,*,*,*
흑인,,,,NNP,*,T,흑인,*,*,*,*,*
T건강습관 X AIA Vitality,,,,NNP,*,T,T건강습관 X AIA Vitality,*,*,*,*,*
5G언택트 38,,,,NNP,*,T,5G언택트 38,*,*,*,*,*
T login 레귤러(4G),,,,NNP,*,T,T login 레귤러(4G),*,*,*,*,*
SK매직,,,,NNP,*,T,SK매직,*,*,*,*,*
사전 안내,,,,NNP,*,T,사전 안내,*,*,*,*,*
청구,,,,NNP,*,F,청구,*,*,*,*,*
바로 전 달,,,,NNP,*,T,바로 전 달,*,*,*,*,*
Google One,,,,NNP,*,T,Google One,*,*,*,*,*
VR 기기,,,,NNP,*,F,VR 기기,*,*,*,*,*
연결회선,,,,NNP,*,T,연결회선,*,*,*,*,*
가능성,,,,NNP,*,T,가능성,*,*,*,*,*
맥북 에어,,,,NNP,*,F,맥북 에어,*,*,*,*,*
대여,,,,NNP,*,F,대여,*,*,*,*,*
월별 상세 할인 내역 보기,,,,NNP,*,F,월별 상세 할인 내역 보기,*,*,*,*,*
가사도우미,,,,NNP,*,F,가사도우미,*,*,*,*,*
멤버십,,,,NNP,*,T,멤버십,*,*,*,*,*
스마트워치,,,,NNP,*,F,스마트워치,*,*,*,*,*
더 낮은 요금제로 변경,,,,NNP,*,T,더 낮은 요금제로 변경,*,*,*,*,*
출시 가격,,,,NNP,*,T,출시 가격,*,*,*,*,*
대리사장,,,,NNP,*,T,대리사장,*,*,*,*,*
ADT캡스,,,,NNP,*,F,ADT캡스,*,*,*,*,*
지난주,,,,NNP,*,F,지난주,*,*,*,*,*
사용한 만큼만 요금 청구,,,,NNP,*,F,사용한 만큼만 요금 청구,*,*,*,*,*
유족,,,,NNP,*,T,유족,*,*,*,*,*
수습,,,,NNP,*,T,수습,*,*,*,*,*
T Deal,,,,NNP,*,T,T Deal,*,*,*,*,*
TOP 8,,,,NNP,*,T,TOP 8,*,*,*,*,*
SKT,,,,NNP,*,T,SKT,*,*,*,*,*
